{
  "collaborative_filtering": {
    "model_name": "Collaborative Filtering",
    "precision_at_k": {
      "5": 0.0,
      "10": 0.0,
      "20": 0.0
    },
    "recall_at_k": {
      "5": 0.0,
      "10": 0.0,
      "20": 0.0
    },
    "f1_at_k": {
      "5": 0,
      "10": 0,
      "20": 0
    },
    "coverage": 0.00468384074941452,
    "diversity": 0
  },
  "svd": {
    "model_name": "SVD",
    "rmse": 0.2443949994304115,
    "mae": 0.16441273145660817,
    "precision_at_k": {
      "5": 0.09333333333333334,
      "10": 0.05666666666666667,
      "20": 0.030000000000000006
    },
    "recall_at_k": {
      "5": 0.1911111111111111,
      "10": 0.2061111111111111,
      "20": 0.22
    },
    "f1_at_k": {
      "5": 0.12541666666666668,
      "10": 0.08889358703312192,
      "20": 0.052800000000000014
    },
    "coverage": 0
  },
  "nmf": {
    "model_name": "NMF",
    "rmse": 0.24440960638334583,
    "mae": 0.16441642865459072,
    "precision_at_k": {
      "5": 0.12413793103448276,
      "10": 0.04827586206896553,
      "20": 0.024137931034482765
    },
    "recall_at_k": {
      "5": 0.27586206896551724,
      "10": 0.2011494252873563,
      "20": 0.22701149425287356
    },
    "f1_at_k": {
      "5": 0.1712247324613555,
      "10": 0.07786429365962182,
      "20": 0.043636076698492864
    },
    "coverage": 0
  }
}