Model,RMSE,MAE,Precision@5,Precision@10,Recall@5,Recall@10,F1@5,F1@10,Coverage
Collaborative Filtering,N/A,N/A,0.0,0.0,0.0,0.0,0.0,0.0,0.00468384074941452
SVD,0.2443949994304115,0.16441273145660817,0.09333333333333334,0.05666666666666667,0.1911111111111111,0.2061111111111111,0.12541666666666668,0.08889358703312192,0.0
NMF,0.24440960638334583,0.16441642865459072,0.12413793103448276,0.04827586206896553,0.27586206896551724,0.2011494252873563,0.1712247324613555,0.07786429365962182,0.0
